Date/Time,Media Description,Media Link
"You uploaded a feed photo on January 7, 2025 at 7:28 PM (GMT)", -,https://media.licdn.com/dms/image/v2/D4E22AQHJ_xSycI2lEg/feedshare-shrink_800/B4EZRCPSrpHsAg-/0/1736278093175?e=1764806400&v=beta&t=s1yTzTNYlUiNfZgJyiHRNxxr5nHtBz4IIM3USTHIhUM
"You uploaded a feed photo on October 20, 2024 at 4:07 PM (GMT)", -,https://media.licdn.com/dms/image/v2/D4E22AQHB7N9am5hxJg/feedshare-shrink_2048_1536/feedshare-shrink_2048_1536/0/1729440475404?e=1764806400&v=beta&t=c-jCEAo6Io-H3iezfIV96uhPA66OzdnoG0I8xCP2ZOI
"You uploaded a feed photo on October 3, 2024 at 7:00 AM (GMT)", -,https://media.licdn.com/dms/image/v2/D4E22AQEdBK9WGIn4hQ/feedshare-shrink_2048_1536/feedshare-shrink_2048_1536/0/1727938844009?e=1764806400&v=beta&t=obS9Ut-38YJ27dJ4aGOwZbZlBBl-asv5Gd5fRDoKYwg
"You uploaded a feed photo on June 13, 2024 at 9:01 PM (GMT)", -,https://media.licdn.com/dms/image/v2/D4D22AQFnIvHVH1NPFQ/feedshare-shrink_2048_1536/feedshare-shrink_2048_1536/0/1718312469310?e=1764806400&v=beta&t=GbuVj00riMXOC9t9MP29G_GlUNwT-UXZnpe2fGfwx5w
"You uploaded a feed photo on June 5, 2024 at 4:20 PM (GMT)", -,https://media.licdn.com/dms/image/v2/D4E22AQEpGe-dzHR-4A/feedshare-shrink_2048_1536/feedshare-shrink_2048_1536/0/1717604458625?e=1764806400&v=beta&t=41YiLrElDvC_AKahF997sWlPJxwpeYcZTun6_1cRzqg
"You uploaded a feed photo on March 29, 2024 at 1:55 PM (GMT)", -,https://media.licdn.com/dms/image/v2/D4E22AQEmvLk2RCZEcQ/feedshare-shrink_2048_1536/feedshare-shrink_2048_1536/0/1711720555320?e=1764806400&v=beta&t=rg7_bVv5jyuDSad8Jk8lX9JzpKQjarbUlbFFcDP8L4s
"You uploaded a feed photo on March 29, 2024 at 1:55 PM (GMT)", -,https://media.licdn.com/dms/image/v2/D4E22AQHcAWff2ng47Q/feedshare-shrink_2048_1536/feedshare-shrink_2048_1536/0/1711720556104?e=1764806400&v=beta&t=-nhn_pAlDuNoN5NDSXBB1VhJkruLnAyVDaIqsmEqbds
"You uploaded a feed photo on January 16, 2024 at 5:02 PM (GMT)", -,https://media.licdn.com/dms/image/v2/D4E22AQEAnHHBj_PJmA/feedshare-shrink_2048_1536/feedshare-shrink_2048_1536/0/1705424536769?e=1764806400&v=beta&t=vv8At7N7zXl0ynVQHDzg0xI1_7cRox1lFQl0dnE7Dg0
"You uploaded a feed photo on November 21, 2023 at 5:12 PM (GMT)", -,https://media.licdn.com/dms/image/v2/D4D22AQEbz1IY5wP4OQ/feedshare-shrink_2048_1536/feedshare-shrink_2048_1536/0/1700586740893?e=1764806400&v=beta&t=SR_paRjjaL5K0KF0zpIF_ebE2W6YZsJOHporfpUVokU
"You uploaded a feed photo on November 21, 2023 at 5:12 PM (GMT)", -,https://media.licdn.com/dms/image/v2/D4D22AQFCx3ffzclNFg/feedshare-shrink_2048_1536/feedshare-shrink_2048_1536/0/1700586740561?e=1764806400&v=beta&t=hzs0TBSsrROvp9faevp58pAOy5_PiF7Gzu4QgGM8R_Y
"You uploaded a video on November 11, 2023 at 8:56 AM (GMT)", -,https://dms.licdn.com/playlist/vid/dynamic/D4E05AQGVyedxoVQvwg/BAQ-Ygled0?e=1764082800&v=beta&t=oDNzfrnpqTe0X1mJy3zjLwf_D720Jz4_XCJrgwa3Rao
"You uploaded a feed photo on September 28, 2023 at 4:38 PM (GMT)", -,https://media.licdn.com/dms/image/v2/D4E22AQE3p-PXrXEElQ/feedshare-shrink_2048_1536/feedshare-shrink_2048_1536/0/1695919103978?e=1764806400&v=beta&t=QoL7RsyCF3Px3gDWZDD7ecUefcS09KkTW0qN2q8ig4o
"You uploaded a feed photo on September 14, 2023 at 4:21 PM (GMT)", -,https://media.licdn.com/dms/image/v2/D4D22AQG7aEsQrNrGOA/feedshare-shrink_2048_1536/feedshare-shrink_2048_1536/0/1694708476142?e=1764806400&v=beta&t=P6CXHWxScAUzJFMcytf7nI5Q070x3vLuGOTDqB2jx8k
"You uploaded a profile background photo on December 21, 2022 at 8:24 AM (GMT)", -,https://media.licdn.com/dms/image/v2/C4E04AQEc4Cydd2b6tg/profile-originalbackgroundimage-shrink_396_1584/profile-originalbackgroundimage-shrink_396_1584/0/1671611094297?e=1764806400&v=beta&t=eJ9fQGO4khPeqtbDz2zT6BrxXCtJhNjt1t0bowalFh8
"You uploaded a profile background photo on December 21, 2022 at 8:24 AM (GMT)", -,https://media.licdn.com/dms/image/v2/D4E16AQEs1KXXfCwCJw/profile-displaybackgroundimage-shrink_200_800/profile-displaybackgroundimage-shrink_200_800/0/1671611094342?e=1764806400&v=beta&t=2xX9I4WD2fr4wwGwbhsz2SxvieZBk2Hk8KrbiyFbNuw
"You uploaded a feed photo on May 24, 2022 at 2:57 PM (GMT)", -,https://media.licdn.com/dms/image/v2/C5622AQH2LU7d9Tcuaw/feedshare-shrink_2048_1536/feedshare-shrink_2048_1536/0/1653404255401?e=1764806400&v=beta&t=5ni64zW3WBTJHmLyPoVplWtXs5AvK_61dNm5-15I_EU
"You uploaded a feed photo on May 24, 2022 at 2:57 PM (GMT)", -,https://media.licdn.com/dms/image/v2/C5622AQG6S-zRSdrXRQ/feedshare-shrink_2048_1536/feedshare-shrink_2048_1536/0/1653404254791?e=1764806400&v=beta&t=9Ako3tClOECcVdWKS72EyirJs3mEbIr_W1FHXuAotoQ
"You uploaded a feed photo on May 24, 2022 at 10:20 AM (GMT)", -,https://media.licdn.com/dms/image/v2/C4E22AQGqva8Xg8YyVg/feedshare-shrink_2048_1536/feedshare-shrink_2048_1536/0/1653387663571?e=1764806400&v=beta&t=KKjjoWgOsGJjRGVYmPGAmV6sx3LpaLungJuV6zw50u8
"You uploaded a feed photo on May 24, 2022 at 10:20 AM (GMT)", -,https://media.licdn.com/dms/image/v2/C4E22AQEaBaMnQoOt3g/feedshare-shrink_2048_1536/feedshare-shrink_2048_1536/0/1653387659012?e=1764806400&v=beta&t=HzXWK3_4ecbRFpsKgxBOwMDzDEiKjPzS4rbdrFb-Crw
"You uploaded a video on June 10, 2021 at 10:32 PM (GMT)", -,https://dms.licdn.com/playlist/vid/dynamic/C4E05AQHzyek1LwKGBg/BAQWEgEzds?e=1764082800&v=beta&t=JCqFePOPMwaYcxAxS4-2fazTeyS6mkxYZdzrS-eKbjM
"You uploaded a profile photo on January 18, 2018 at 10:29 PM (GMT)", -,https://media.licdn.com/dms/image/v2/C4E04AQG1SUgSHKHvkA/profile-originalphoto-shrink_900_1200/profile-originalphoto-shrink_900_1200/0/1516314591519?e=1764806400&v=beta&t=ZK7hbZNQFpUwCbKY65dlIC7ErRGjZJ3kI-wLHYW4jbk
"You uploaded a profile photo on January 18, 2018 at 10:29 PM (GMT)", -,https://media.licdn.com/dms/image/v2/C4E03AQF1Thg6dCHbAQ/profile-displayphoto-shrink_100_100/profile-displayphoto-shrink_100_100/0/1516314590489?e=1764806400&v=beta&t=LusvtCZ7qUwbBxkXFXBZKZF9Mxl_I1U3ePy57B0J64A
